--
-- PostgreSQL database dump
--

\restrict xa91hxXsuWkPbgFk4CTG9sAIHZMYSDqn0p7hQqpNX2aFsdhOFHzWAaoL3UGR5Vw

-- Dumped from database version 18.1
-- Dumped by pg_dump version 18.1

-- Started on 2026-06-13 12:44:03

SET statement_timeout = 0;
SET lock_timeout = 0;
SET idle_in_transaction_session_timeout = 0;
SET transaction_timeout = 0;
SET client_encoding = 'UTF8';
SET standard_conforming_strings = on;
SELECT pg_catalog.set_config('search_path', '', false);
SET check_function_bodies = false;
SET xmloption = content;
SET client_min_messages = warning;
SET row_security = off;

SET default_tablespace = '';

SET default_table_access_method = heap;

--
-- TOC entry 225 (class 1259 OID 41071)
-- Name: SponsorshipRequests; Type: TABLE; Schema: public; Owner: postgres
--

CREATE TABLE public."SponsorshipRequests" (
    "Id" integer NOT NULL,
    "Title" character varying(200) NOT NULL,
    "RequestorId" integer NOT NULL,
    "Department" character varying(50) NOT NULL,
    "SponsorshipTypeId" integer NOT NULL,
    "EventName" character varying(200) NOT NULL,
    "EventDate" timestamp with time zone NOT NULL,
    "RequestedAmount" numeric NOT NULL,
    "Justification" text NOT NULL,
    "ExpectedBenefit" text,
    "Remarks" text,
    "DocumentUrl" text,
    "Status" integer NOT NULL,
    "SubmittedAt" timestamp with time zone,
    "ManagerApprovedAt" timestamp with time zone,
    "FinanceApprovedAt" timestamp with time zone,
    "ManagerRemarks" text,
    "FinanceRemarks" text,
    "CreatedAt" timestamp with time zone NOT NULL,
    "UpdatedAt" timestamp with time zone,
    "IsActive" boolean NOT NULL
);


ALTER TABLE public."SponsorshipRequests" OWNER TO postgres;

--
-- TOC entry 224 (class 1259 OID 41070)
-- Name: SponsorshipRequests_Id_seq; Type: SEQUENCE; Schema: public; Owner: postgres
--

ALTER TABLE public."SponsorshipRequests" ALTER COLUMN "Id" ADD GENERATED BY DEFAULT AS IDENTITY (
    SEQUENCE NAME public."SponsorshipRequests_Id_seq"
    START WITH 1
    INCREMENT BY 1
    NO MINVALUE
    NO MAXVALUE
    CACHE 1
);


--
-- TOC entry 221 (class 1259 OID 41041)
-- Name: SponsorshipTypes; Type: TABLE; Schema: public; Owner: postgres
--

CREATE TABLE public."SponsorshipTypes" (
    "Id" integer NOT NULL,
    "TypeName" character varying(100) NOT NULL,
    "Description" character varying(500),
    "MaxAmount" numeric,
    "DisplayOrder" integer NOT NULL,
    "CreatedAt" timestamp with time zone NOT NULL,
    "UpdatedAt" timestamp with time zone,
    "IsActive" boolean NOT NULL
);


ALTER TABLE public."SponsorshipTypes" OWNER TO postgres;

--
-- TOC entry 220 (class 1259 OID 41040)
-- Name: SponsorshipTypes_Id_seq; Type: SEQUENCE; Schema: public; Owner: postgres
--

ALTER TABLE public."SponsorshipTypes" ALTER COLUMN "Id" ADD GENERATED BY DEFAULT AS IDENTITY (
    SEQUENCE NAME public."SponsorshipTypes_Id_seq"
    START WITH 1
    INCREMENT BY 1
    NO MINVALUE
    NO MAXVALUE
    CACHE 1
);


--
-- TOC entry 223 (class 1259 OID 41054)
-- Name: Users; Type: TABLE; Schema: public; Owner: postgres
--

CREATE TABLE public."Users" (
    "Id" integer NOT NULL,
    "Username" character varying(50) NOT NULL,
    "PasswordHash" text NOT NULL,
    "FullName" character varying(100) NOT NULL,
    "Email" character varying(100) NOT NULL,
    "Department" character varying(50) NOT NULL,
    "Role" integer NOT NULL,
    "LastLoginAt" timestamp with time zone,
    "CreatedAt" timestamp with time zone NOT NULL,
    "UpdatedAt" timestamp with time zone,
    "IsActive" boolean NOT NULL
);


ALTER TABLE public."Users" OWNER TO postgres;

--
-- TOC entry 222 (class 1259 OID 41053)
-- Name: Users_Id_seq; Type: SEQUENCE; Schema: public; Owner: postgres
--

ALTER TABLE public."Users" ALTER COLUMN "Id" ADD GENERATED BY DEFAULT AS IDENTITY (
    SEQUENCE NAME public."Users_Id_seq"
    START WITH 1
    INCREMENT BY 1
    NO MINVALUE
    NO MAXVALUE
    CACHE 1
);


--
-- TOC entry 227 (class 1259 OID 41101)
-- Name: WorkflowHistories; Type: TABLE; Schema: public; Owner: postgres
--

CREATE TABLE public."WorkflowHistories" (
    "Id" integer NOT NULL,
    "RequestId" integer NOT NULL,
    "Action" character varying(50) NOT NULL,
    "ActorUserId" integer NOT NULL,
    "Remarks" character varying(500),
    "OldStatus" integer NOT NULL,
    "NewStatus" integer NOT NULL,
    "IpAddress" character varying(50),
    "UserAgent" character varying(500),
    "CreatedAt" timestamp with time zone NOT NULL,
    "UpdatedAt" timestamp with time zone,
    "IsActive" boolean NOT NULL
);


ALTER TABLE public."WorkflowHistories" OWNER TO postgres;

--
-- TOC entry 226 (class 1259 OID 41100)
-- Name: WorkflowHistories_Id_seq; Type: SEQUENCE; Schema: public; Owner: postgres
--

ALTER TABLE public."WorkflowHistories" ALTER COLUMN "Id" ADD GENERATED BY DEFAULT AS IDENTITY (
    SEQUENCE NAME public."WorkflowHistories_Id_seq"
    START WITH 1
    INCREMENT BY 1
    NO MINVALUE
    NO MAXVALUE
    CACHE 1
);


--
-- TOC entry 219 (class 1259 OID 41033)
-- Name: __EFMigrationsHistory; Type: TABLE; Schema: public; Owner: postgres
--

CREATE TABLE public."__EFMigrationsHistory" (
    "MigrationId" character varying(150) NOT NULL,
    "ProductVersion" character varying(32) NOT NULL
);


ALTER TABLE public."__EFMigrationsHistory" OWNER TO postgres;

--
-- TOC entry 4945 (class 0 OID 41071)
-- Dependencies: 225
-- Data for Name: SponsorshipRequests; Type: TABLE DATA; Schema: public; Owner: postgres
--

COPY public."SponsorshipRequests" ("Id", "Title", "RequestorId", "Department", "SponsorshipTypeId", "EventName", "EventDate", "RequestedAmount", "Justification", "ExpectedBenefit", "Remarks", "DocumentUrl", "Status", "SubmittedAt", "ManagerApprovedAt", "FinanceApprovedAt", "ManagerRemarks", "FinanceRemarks", "CreatedAt", "UpdatedAt", "IsActive") FROM stdin;
1	Sponsorship Request for Conference	1	Marketing	1	DTCL	2026-06-20 00:00:00+06	2000	Sponsorship Request for Conference			\N	4	2026-06-08 14:16:51.488071+06	2026-06-08 15:42:54.540129+06	2026-06-09 11:20:37.502713+06	please proceed 	please finance	2026-06-08 14:12:48.860173+06	2026-06-09 11:20:37.566914+06	t
2	Sponsorship Request  for Education Fair	1	IT	3	Sponsorship Request  for Education Fair	2026-06-20 00:00:00+06	50000	Sponsorship Request  for Education Fair			\N	5	2026-06-10 14:32:24.597792+06	\N	\N	forwarded to finance manager 	\N	2026-06-10 14:32:00.196444+06	2026-06-10 14:33:39.795855+06	t
4	Sponsorship Request for Education	5	Finance	3	Sponsorship Request for Education	2026-06-26 00:00:00+06	50000	Sponsorship Request for Education			\N	6	2026-06-10 17:35:03.363315+06	\N	\N	\N	\N	2026-06-10 17:35:20.317152+06	2026-06-10 17:35:20.317867+06	t
3	Sponsorship Request  for Education Fair	6	IT	3	Sponsorship Request  for Education Fair	2026-06-20 00:00:00+06	40000	Sponsorship Request  for Education Fair			\N	4	2026-06-10 14:35:09.787691+06	2026-06-10 14:36:06.482736+06	2026-06-10 17:46:42.448913+06	please approve finance	please finance	2026-06-10 14:35:01.862153+06	2026-06-10 17:46:42.498668+06	t
5	Sponsorship Request  for workshop 	1	HR	2	DTCL	2026-06-20 00:00:00+06	50000	Sponsorship Request  for workshop 			\N	2	2026-06-12 22:47:27.682842+06	\N	\N	\N	\N	2026-06-12 22:25:50.1462+06	2026-06-12 22:47:27.745541+06	t
\.


--
-- TOC entry 4941 (class 0 OID 41041)
-- Dependencies: 221
-- Data for Name: SponsorshipTypes; Type: TABLE DATA; Schema: public; Owner: postgres
--

COPY public."SponsorshipTypes" ("Id", "TypeName", "Description", "MaxAmount", "DisplayOrder", "CreatedAt", "UpdatedAt", "IsActive") FROM stdin;
2	Workshop	Workshop	100000	0	2026-06-08 12:50:31.761722+06	\N	t
1	Conference	Conference	80000	0	2026-06-08 12:48:58.537755+06	2026-06-09 11:15:25.420115+06	t
3	Education	Education	70000	0	2026-06-08 13:50:51.900827+06	2026-06-09 11:18:30.533883+06	t
4	Training 	Training 	3000	0	2026-06-09 12:00:38.906049+06	\N	t
\.


--
-- TOC entry 4943 (class 0 OID 41054)
-- Dependencies: 223
-- Data for Name: Users; Type: TABLE DATA; Schema: public; Owner: postgres
--

COPY public."Users" ("Id", "Username", "PasswordHash", "FullName", "Email", "Department", "Role", "LastLoginAt", "CreatedAt", "UpdatedAt", "IsActive") FROM stdin;
5	mamun	123456	Mamun	requestor@test.com	IT	1	2026-06-10 17:32:22.802145+06	2026-06-07 20:05:53.979859+06	2026-06-10 17:32:22.821472+06	t
3	rubel	123456	Md. Rubel	finance@test.com	Finance	3	2026-06-10 17:46:26.744935+06	2026-06-07 20:03:02.091163+06	2026-06-10 17:46:26.761413+06	t
6	arif	123456	Ariful Islam	requestor@test.com	Finance	1	2026-06-10 17:47:31.733152+06	2026-06-07 20:06:33.224663+06	2026-06-10 17:47:31.733321+06	t
4	Babor	123456	Md. Babor	admin@test.com	IT	4	2026-06-10 17:48:06.232995+06	2026-06-07 20:03:02.091163+06	2026-06-10 17:48:06.233426+06	t
2	Kabir	123456	Md Kabir	manager@test.com	Management	2	2026-06-12 22:48:30.225649+06	2026-06-07 20:03:02.091163+06	2026-06-12 22:48:30.227063+06	t
1	imran	123456	Imran Kabir	requestor@test.com	Marketing	1	2026-06-12 22:48:50.034645+06	2026-06-07 20:03:02.091163+06	2026-06-12 22:48:50.034878+06	t
\.


--
-- TOC entry 4947 (class 0 OID 41101)
-- Dependencies: 227
-- Data for Name: WorkflowHistories; Type: TABLE DATA; Schema: public; Owner: postgres
--

COPY public."WorkflowHistories" ("Id", "RequestId", "Action", "ActorUserId", "Remarks", "OldStatus", "NewStatus", "IpAddress", "UserAgent", "CreatedAt", "UpdatedAt", "IsActive") FROM stdin;
1	1	SUBMIT	1	Request submitted for manager approval	1	2	\N	\N	2026-06-08 14:16:51.490273+06	\N	t
2	1	MANAGER_APPROVE	2	please proceed 	2	3	\N	\N	2026-06-08 15:42:54.540939+06	\N	t
3	1	FINANCE_APPROVE	3	please finance	3	4	\N	\N	2026-06-09 11:20:37.503583+06	\N	t
4	2	SUBMIT	1	Request submitted for manager approval	1	2	\N	\N	2026-06-10 14:32:24.599415+06	\N	t
5	2	MANAGER_REJECT	2	forwarded to finance manager 	2	5	\N	\N	2026-06-10 14:33:39.790355+06	\N	t
6	3	SUBMIT	6	Request submitted for manager approval	1	2	\N	\N	2026-06-10 14:35:09.787775+06	\N	t
7	3	MANAGER_APPROVE	2	please approve finance	2	3	\N	\N	2026-06-10 14:36:06.483081+06	\N	t
8	4	SUBMIT	5	Request submitted for manager approval	1	2	\N	\N	2026-06-10 17:35:03.363647+06	\N	t
9	4	CANCLE_REQUEST	5	Request cancelled by requestor	2	6	\N	\N	2026-06-10 17:35:20.317187+06	\N	t
10	3	FINANCE_APPROVE	3	please finance	3	4	\N	\N	2026-06-10 17:46:42.449249+06	\N	t
11	5	SUBMIT	1	Request submitted for manager approval	1	2	\N	\N	2026-06-12 22:47:27.68338+06	\N	t
\.


--
-- TOC entry 4939 (class 0 OID 41033)
-- Dependencies: 219
-- Data for Name: __EFMigrationsHistory; Type: TABLE DATA; Schema: public; Owner: postgres
--

COPY public."__EFMigrationsHistory" ("MigrationId", "ProductVersion") FROM stdin;
20260607135231_InitialCreate	9.0.16
\.


--
-- TOC entry 4953 (class 0 OID 0)
-- Dependencies: 224
-- Name: SponsorshipRequests_Id_seq; Type: SEQUENCE SET; Schema: public; Owner: postgres
--

SELECT pg_catalog.setval('public."SponsorshipRequests_Id_seq"', 5, true);


--
-- TOC entry 4954 (class 0 OID 0)
-- Dependencies: 220
-- Name: SponsorshipTypes_Id_seq; Type: SEQUENCE SET; Schema: public; Owner: postgres
--

SELECT pg_catalog.setval('public."SponsorshipTypes_Id_seq"', 4, true);


--
-- TOC entry 4955 (class 0 OID 0)
-- Dependencies: 222
-- Name: Users_Id_seq; Type: SEQUENCE SET; Schema: public; Owner: postgres
--

SELECT pg_catalog.setval('public."Users_Id_seq"', 6, true);


--
-- TOC entry 4956 (class 0 OID 0)
-- Dependencies: 226
-- Name: WorkflowHistories_Id_seq; Type: SEQUENCE SET; Schema: public; Owner: postgres
--

SELECT pg_catalog.setval('public."WorkflowHistories_Id_seq"', 11, true);


--
-- TOC entry 4783 (class 2606 OID 41089)
-- Name: SponsorshipRequests PK_SponsorshipRequests; Type: CONSTRAINT; Schema: public; Owner: postgres
--

ALTER TABLE ONLY public."SponsorshipRequests"
    ADD CONSTRAINT "PK_SponsorshipRequests" PRIMARY KEY ("Id");


--
-- TOC entry 4777 (class 2606 OID 41052)
-- Name: SponsorshipTypes PK_SponsorshipTypes; Type: CONSTRAINT; Schema: public; Owner: postgres
--

ALTER TABLE ONLY public."SponsorshipTypes"
    ADD CONSTRAINT "PK_SponsorshipTypes" PRIMARY KEY ("Id");


--
-- TOC entry 4779 (class 2606 OID 41069)
-- Name: Users PK_Users; Type: CONSTRAINT; Schema: public; Owner: postgres
--

ALTER TABLE ONLY public."Users"
    ADD CONSTRAINT "PK_Users" PRIMARY KEY ("Id");


--
-- TOC entry 4787 (class 2606 OID 41115)
-- Name: WorkflowHistories PK_WorkflowHistories; Type: CONSTRAINT; Schema: public; Owner: postgres
--

ALTER TABLE ONLY public."WorkflowHistories"
    ADD CONSTRAINT "PK_WorkflowHistories" PRIMARY KEY ("Id");


--
-- TOC entry 4775 (class 2606 OID 41039)
-- Name: __EFMigrationsHistory PK___EFMigrationsHistory; Type: CONSTRAINT; Schema: public; Owner: postgres
--

ALTER TABLE ONLY public."__EFMigrationsHistory"
    ADD CONSTRAINT "PK___EFMigrationsHistory" PRIMARY KEY ("MigrationId");


--
-- TOC entry 4780 (class 1259 OID 41126)
-- Name: IX_SponsorshipRequests_RequestorId; Type: INDEX; Schema: public; Owner: postgres
--

CREATE INDEX "IX_SponsorshipRequests_RequestorId" ON public."SponsorshipRequests" USING btree ("RequestorId");


--
-- TOC entry 4781 (class 1259 OID 41127)
-- Name: IX_SponsorshipRequests_SponsorshipTypeId; Type: INDEX; Schema: public; Owner: postgres
--

CREATE INDEX "IX_SponsorshipRequests_SponsorshipTypeId" ON public."SponsorshipRequests" USING btree ("SponsorshipTypeId");


--
-- TOC entry 4784 (class 1259 OID 41128)
-- Name: IX_WorkflowHistories_ActorUserId; Type: INDEX; Schema: public; Owner: postgres
--

CREATE INDEX "IX_WorkflowHistories_ActorUserId" ON public."WorkflowHistories" USING btree ("ActorUserId");


--
-- TOC entry 4785 (class 1259 OID 41129)
-- Name: IX_WorkflowHistories_RequestId; Type: INDEX; Schema: public; Owner: postgres
--

CREATE INDEX "IX_WorkflowHistories_RequestId" ON public."WorkflowHistories" USING btree ("RequestId");


--
-- TOC entry 4788 (class 2606 OID 41090)
-- Name: SponsorshipRequests FK_SponsorshipRequests_SponsorshipTypes_SponsorshipTypeId; Type: FK CONSTRAINT; Schema: public; Owner: postgres
--

ALTER TABLE ONLY public."SponsorshipRequests"
    ADD CONSTRAINT "FK_SponsorshipRequests_SponsorshipTypes_SponsorshipTypeId" FOREIGN KEY ("SponsorshipTypeId") REFERENCES public."SponsorshipTypes"("Id") ON DELETE RESTRICT;


--
-- TOC entry 4789 (class 2606 OID 41095)
-- Name: SponsorshipRequests FK_SponsorshipRequests_Users_RequestorId; Type: FK CONSTRAINT; Schema: public; Owner: postgres
--

ALTER TABLE ONLY public."SponsorshipRequests"
    ADD CONSTRAINT "FK_SponsorshipRequests_Users_RequestorId" FOREIGN KEY ("RequestorId") REFERENCES public."Users"("Id") ON DELETE RESTRICT;


--
-- TOC entry 4790 (class 2606 OID 41116)
-- Name: WorkflowHistories FK_WorkflowHistories_SponsorshipRequests_RequestId; Type: FK CONSTRAINT; Schema: public; Owner: postgres
--

ALTER TABLE ONLY public."WorkflowHistories"
    ADD CONSTRAINT "FK_WorkflowHistories_SponsorshipRequests_RequestId" FOREIGN KEY ("RequestId") REFERENCES public."SponsorshipRequests"("Id") ON DELETE CASCADE;


--
-- TOC entry 4791 (class 2606 OID 41121)
-- Name: WorkflowHistories FK_WorkflowHistories_Users_ActorUserId; Type: FK CONSTRAINT; Schema: public; Owner: postgres
--

ALTER TABLE ONLY public."WorkflowHistories"
    ADD CONSTRAINT "FK_WorkflowHistories_Users_ActorUserId" FOREIGN KEY ("ActorUserId") REFERENCES public."Users"("Id") ON DELETE RESTRICT;


-- Completed on 2026-06-13 12:44:03

--
-- PostgreSQL database dump complete
--

\unrestrict xa91hxXsuWkPbgFk4CTG9sAIHZMYSDqn0p7hQqpNX2aFsdhOFHzWAaoL3UGR5Vw

